"key_mendatory_msg","%@ lÃ  báº¯t buá»™c"
"key_apt_placeholder","Táº§ng 3 bÃªn trÃ¡i"
"key_maximum_basket_required","Khuyáº¿n mÃ£i nÃ y chá»‰ Ä‘Æ°á»£c Ã¡p dá»¥ng vá»›i giá» hÃ ng tá»‘i Ä‘a %@"
"key_minimum_basket_required","Khuyáº¿n mÃ£i nÃ y chá»‰ Ä‘Æ°á»£c Ã¡p dá»¥ng vá»›i giá» hÃ ng tá»‘i thiá»ƒu %@"
"key_account_deleted","ÄÃ£ xÃ³a tÃ i khoáº£n"
"key_activating_account","Äang kÃ­ch hoáº¡t tÃ i khoáº£n"
"key_activating_number","Äang kÃ­ch hoáº¡t sá»‘ Ä‘iá»‡n thoáº¡i..."
"key_title_activation","KÃCH HOáº T"
"key_activating_code","MÃ£ kÃ­ch hoáº¡t"
"key_active_orders","ÄÆ¡n hÃ ng"
"key_add","THÃŠM"
"key_add_for_free_delivery","ThÃªm %@ Ä‘á»ƒ nháº­n miá»…n phÃ­ giao hÃ ng"
"key_new_card_message","ThÃªm phÆ°Æ¡ng thá»©c thanh toÃ¡n"
"key_add_some_tips","ThÃªm tip"
"key_add_card","THÃŠM THáºº"
"key_add_credit_card","ThÃªm Tháº» tÃ­n dá»¥ng"
"key_add_location","THÃŠM Äá»ŠA CHá»ˆ"
"key_add_new","ThÃªm Má»›i"
"key_add_online_method","ThÃªm phÆ°Æ¡ng thá»©c Thanh toÃ¡n Online"
"key_payment_type_pre_pay","ThÃªm phÆ°Æ¡ng thá»©c Thanh toÃ¡n Online"
"key_add_promo","THÃŠM KHUYáº¾N MÃƒI"
"key_add_promo_code","ThÃªm MÃ£ giáº£m giÃ¡"
"key_add_this_products_favt","ThÃªm sáº£n pháº©m nÃ y vÃ o má»¥c yÃªu thÃ­ch cá»§a báº¡n"
"key_add_to_basket","ThÃªm vÃ o Giá» hÃ ng"
"key_addtoorder","ThÃªm vÃ o Ä‘Æ¡n hÃ ng"
"key_add_your_comments","ThÃªm nháº­n xÃ©t..."
"key_add_first_address","ThÃªm Ä‘á»‹a chá»‰ cá»§a báº¡n"
"key_additional_info","ThÃ´ng tin bá»• sung"
"key_additional_info_required","Cáº§n thÃªm thÃ´ng tin"
"key_additive","PHá»¤ GIA"
"key_allergens","Bá»” SUNG"
"key_additive_allergens_title","PHá»¤ GIA & CHáº¤T GÃ‚Y Dá»Š á»¨NG"
"key_address","Äá»‹a chá»‰"
"key_address_detail","Äá»‹a chá»‰ chi tiáº¿t"
"key_address_required","Äá»‹a chá»‰ lÃ  trÆ°á»ng thÃ´ng tin báº¯t buá»™c"
"key_address_type","Loáº¡i Ä‘á»‹a chá»‰"
"key_my_addresses","Äá»‹a chá»‰"
"key_allergens","CHáº¤T GÃ‚Y Dá»Š á»¨NG"
"key_amount_due","Sá»‘ tiá»n pháº£i tráº£"
"key_amount_paid","Sá»‘ tiá»n Ä‘Ã£ tráº£"
"key_an_error_has_occurred","Ä‘Ã£ cÃ³ lá»—i xáº£y ra"
"key_any","Má»—i"
"key_delivery_note","ThÃªm yÃªu cáº§u giao hÃ ng?"
"key_pickup_note_placholder","Bá»• sung ghi chÃº nháº­n hÃ ng?"
"key_apply","Ãp dá»¥ng"
"key_apply_promo","ÃP Dá»¤NG KHUYáº¾N MÃƒI"
"key_apply_promo_code","ÃP Dá»¤NG MÃƒ GIáº¢M GIÃ"
"key_apt","Sá»‘ nhÃ 
are_you_sure_clear_recent","Báº¡n cÃ³ cháº¯c cháº¯n muá»‘n xÃ³a nhá»¯ng sáº£n pháº©m thÆ°á»ng Ä‘Æ°á»£c Ä‘áº·t hÃ ng?"
"key_address_delete_confirmation","Báº¡n cÃ³ cháº¯c muá»‘n xoÃ¡ Ä‘á»‹a chá»‰ nÃ y"
"key_delete_card_message","Báº¡n cÃ³ cháº¯c cháº¯n muá»‘n xÃ³a tháº» nÃ y"
"key_account_delete_msg","Báº¡n cÃ³ cháº¯c cháº¯n muá»‘n xÃ³a tÃ i khoáº£n? ÄÃ¢y lÃ  hÃ nh Ä‘á»™ng khÃ´ng thá»ƒ khÃ´i phá»¥c."
"key_account_delete_msg","Báº¡n cÃ³ cháº¯c cháº¯n muá»‘n xÃ³a tÃ i khoáº£n? HÃ nh Ä‘á»™ng nÃ y khÃ´ng thá»ƒ Ä‘áº£o ngÆ°á»£c."
"key_logout_confirmation","Báº¡n cÃ³ cháº¯c cháº¯n muá»‘n Ä‘Äƒng xuáº¥t?"
"key_remove_item_from_your_basket","Báº¡n cÃ³ cháº¯c cháº¯n muá»‘n xÃ³a sáº£n pháº©m nÃ y khá»i giá» hÃ ng?"
"key_remove_item_from_your_basket","Báº¡n cÃ³ cháº¯c muá»‘n xoÃ¡ táº¥t cáº£ cÃ¡c sáº£n pháº©m trong giá» hÃ ng cá»§a báº¡n?"
"key_remove_promo_code_confirmation","Báº¡n cÃ³ cháº¯c muá»‘n xoÃ¡ mÃ£ giáº£m giÃ¡ cá»§a báº¡n."
"key_area","Khu vá»±c"
"key_locality_placeholder","Khu Vá»±c/ÄÆ°á»ng/Phá»‘"
"key_ASAP","NGAY"
"key_available_quantity","Sá»‘ lÆ°á»£ng cÃ³ sáºµn"
"key_back","Trá»Ÿ láº¡i"
"key_back","Quay láº¡i"
"key_basket","Giá» hÃ ng"
"key_best_offers","GiÃ¡ tá»‘t nháº¥t"
"key_billing_info","ThÃ´ng tin hoÃ¡ Ä‘Æ¡n"
"key_billing_name","TÃŠN TRÃŠN HOÃ ÄÆ N"
"key_birthday","SINH NHáº¬T"
"key_bob","BOB"
"key_book_now","Äáº¶T NGAY"
"key_braintree","Braintree"
"key_building","ToÃ  nhÃ "
"key_building_is_required","ToÃ  nhÃ  lÃ  trÆ°á»ng thÃ´ng tin báº¯t buá»™c"
"key_cad","CAD"
"key_cad","CAD"
"key_calculating","Äang tÃ­nh..."
"key_call_us","Gá»i"
"key_call_center","Tá»•ng Ä‘Ã i"
"key_call_support","LiÃªn há»‡ ChÄƒm sÃ³c khÃ¡ch hÃ ng"
"key_cancel","Huá»·"
"key_cancel_order","Huá»· ÄÆ¡n hÃ ng"
"key_cancel_reason","LÃ½ do há»§y"
"key_delivery_address_has_been_confirmed","KhÃ´ng thá»ƒ Ä‘áº·t hÃ ng cho tá»›i khi Ä‘á»‹a chá»‰ giao hÃ ng Ä‘Æ°á»£c xÃ¡c nháº­n"
"key_pickup_address_has_been_confirmed","KhÃ´ng thá»ƒ Ä‘áº·t hÃ ng cho Ä‘áº¿n khi Ä‘á»‹a chá»‰ nháº­n hÃ ng Ä‘Ã£ Ä‘Æ°á»£c xÃ¡c nháº­n"
"key_card_number","Sá» THáºº"
"key_cash","Tiá»n máº·t"
"key_cash_on_delivery","Tiá»n máº·t"
"key_change_language","Äá»•i ngÃ´n ngá»¯"
"key_change_language","Thay Ä‘á»•i ngÃ´n ngá»¯"
"key_clear_cart_on_location_change_message","Äá»•i sang Ä‘á»‹a chá»‰ nÃ y sáº½ xoÃ¡ bá» giá» hÃ ng hiá»‡n táº¡i cá»§a báº¡n. XoÃ¡ giá» hÃ ng vÃ  tiáº¿p tá»¥c?"
"key_chat","Chat"
"key_choose_date","CHá»ŒN NGÃ€Y"
"key_choose_location","CHá»ŒN Má»˜T Äá»ŠA CHá»ˆ"
"key_choose_delivery_date","Chá»n NgÃ y Nháº­n HÃ ng"
"key_password_placholder","Chá»n máº­t kháº©u"
"key_clear","XoÃ¡"
"key_clear_basket","XoÃ¡ giá» hÃ ng?"
"key_clear_cart_on_location_change","XoÃ¡ giá» hÃ ng?"
"key_close","ÄÃ“NG"
"key_closed_on_that_day","Cá»­a hÃ ng Ä‘Ã³ng cá»­a!"
"key_closed_till","ÄÃ³ng cá»­a tá»›i"
"key_closed_prefix","ÄÃ³ng"
"key_copied_to_clipboard","MÃ£ Ä‘Ã£ Ä‘Æ°á»£c lÆ°u láº¡i vÃ o clipboard!"
"key_code_not_received","KhÃ´ng nháº­n Ä‘Æ°á»£c mÃ£?"
"key_coming_soon","Sáº¯p tá»›i rá»“i!"
"key_company_name","TÃªn CÃ´ng ty"
"key_complete","HoÃ n thÃ nh"
"key_complete_detail","HoÃ n thÃ nh thÃ´ng tin chi tiáº¿t cá»§a báº¡n"
"key_confirm","XÃC NHáº¬N"
"key_confirm_pin","XÃ¡c nháº­n ghim"
"key_direct_pay_button_title","XÃ¡c nháº­n Äáº·t hÃ ng"
"key_confirmed","XÃ¡c nháº­n"
"key_contact_us","LiÃªn há»‡"
"key_continue","TIáº¾P Tá»¤C"
"key_cost_per_person","Chi phÃ­ (má»—i ngÆ°á»i)"
"key_could_not_create_address","KhÃ´ng thá»ƒ táº¡o Ä‘á»‹a chá»‰, xin hÃ£y thá»­ láº¡i."
"key_could_not_place_order","KhÃ´ng thá»ƒ Ä‘áº·t hÃ ng"
"key_country","Quá»‘c gia"
"key_country_code","MÃ£ quá»‘c gia"
"key_creating_your_address","Táº¡o Ä‘á»‹a chá»‰"
"key_payment_type_credit","THáºº TÃN Dá»¤NG"
"key_credit_card","Tháº» tÃ­n dá»¥ng"
"key_cuisine","áº¨m thá»±c"
"key_current_balance","Sá»‘ dÆ° hiá»‡n táº¡i"
"key_cvv","CVV"
"key_birthday_placeholder","dd/MM/yyyy"
"key_delete_account","XÃ³a tÃ i khoáº£n"
"key_delete_address","XOÃ Äá»ŠA CHá»ˆ"
"key_delete_card_title","XoÃ¡ Tháº» tÃ­n dá»¥ng?"
"key_delivering_to","GIAO Tá»šI"
"key_delivery","Giao hÃ ng"
"key_delivery_address","Äá»‹a chá»‰ giao hÃ ng"
"key_delivery_date","NgÃ y giao hÃ ng"
"key_delivery_fee","PhÃ­ giao hÃ ng"
"key_delivery_vat","Thuáº¿ phÃ­ giao hÃ ng"
"key_delivery_instructions","HÆ°á»›ng dáº«n giao hÃ ng"
"key_delivery_instructions_mondatory","Ghi chÃº Nháº­n hÃ ng lÃ  thÃ´ng tin báº¯t buá»™c"
"key_delivery_time","Thá»i gian giao hÃ ng"
"key_delivery_within","Giao hÃ ng trong vÃ²ng"
"key_title_details","CHI TIáº¾T"
"key_discard","Huá»· bá»"
"key_discount","GIáº¢M GIÃ"
"key_off_delivery_fee","giáº£m giÃ¡ trÃªn phÃ­ Giao hÃ ng"
"key_off_subtotal","giáº£m giÃ¡ trÃªn Tá»•ng thanh toÃ¡n"
"key_off_total","giáº£m giÃ¡ trÃªn Tá»•ng tiá»n hÃ ng"
"key_dismiss","ÄÃ³ng"
"key_distance","KHOáº¢NG CÃCH"
"key_done","xong"
"key_driver","NhÃ¢n viÃªn giao hÃ ng"
"key_header_sorry_message","Ã°Å¸â€™â€ Ráº¥t tiáº¿c! ChÃºng tÃ´i chÆ°a giao hÃ ng tá»›i khu vá»±c nÃ y."
"key_edit","Thay Ä‘á»•i"
"key_edit_address","Sá»­a Ä‘á»‹a chá»‰"
"key_edit_permissions","Thay Ä‘á»•i quyá»n truy cáº­p"
"key_email","Email"
"key_enter_few_words_search","Nháº­p má»™t sá»‘ tá»« Ä‘á»ƒ tÃ¬m kiáº¿m"
"key_billing_placeholder","Nháº­p tÃªn trÃªn hoÃ¡ Ä‘Æ¡n"
"key_vat_placeholder_mano","Nháº­p sá»‘ PIT"
"key_promo_field_place_holder","ThÃªm mÃ£ giáº£m giÃ¡"
"key_vat_placeholder","Nháº­p thuáº¿ giÃ¡ trá»‹ gia tÄƒng #"
"key_enter_5_digit_code","Nháº­p mÃ£ kÃ­ch hoáº¡t gá»“m 5 chá»¯ sá»‘ cá»§a báº¡n."
"key_enter_code","Nháº­p mÃ£ kÃ­ch hoáº¡t."
"key_enter_your_comments","ThÃªm nháº­n xÃ©t"
"key_enter_your_details","Nháº­p chi tiáº¿t"
"key_enter_email","Nháº­p email cá»§a báº¡n"
"key_enter_full_name","Nháº­p Ä‘áº§y Ä‘á»§ tÃªn cá»§a báº¡n"
"key_full_name_placeholder","Nháº­p Ä‘áº§y Ä‘á»§ tÃªn cá»§a báº¡n"
"key_enter_phone_number","ThÃªm nháº­n xÃ©t..."
"key_enter_phone_to_receive_code","Nháº­p sá»‘ Ä‘iá»‡n thoáº¡i cá»§a báº¡n Ä‘á»ƒ nháº­n mÃ£ kÃ­ch hoáº¡t."
"key_error","Lá»—i"
"key_eta","ETA"
"key_eur","EUR"
"key_expiry_date","NgÃ y háº¿t háº¡n"
"key_expiry_date_format_error","Sai Ä‘á»‹nh dáº¡ng ngÃ y háº¿t háº¡n"
"key_failed_to_activate_account","KhÃ´ng thá»ƒ kÃ­ch hoáº¡t tÃ i khoáº£n, vui lÃ²ng thá»­ láº¡i sau."
"key_card_create_failure","Táº¡o tháº» khÃ´ng thÃ nh cÃ´ng"
"key_card_save_failed","LÆ°u tháº» khÃ´ng thÃ nh cÃ´ng"
"key_family_home","NhÃ  riÃªng"
"key_faq","FAQ"
"key_fast_delivery","Giao hÃ ng nhanh"
"key_feedback_subject","Pháº£n há»“i"
"key_female","Ná»¯"
"key_gender_female","Ná»¯"
"key_fetching_location","TÃ¬m kiáº¿m Ä‘á»‹a chá»‰"
"key_filter_store","Lá»c Cá»­a HÃ ng"
"key_filters","Lá»c"
"key_name_placholder","Há» vÃ  tÃªn"
"key_floor","Táº§ng"
"key_additional_info_placeholder","Táº§ng/ Sá»‘ nhÃ "
"key_floor_placholder","Táº§ng"
"key_found_products_out_of_stock","Má»™t vÃ i sáº£n pháº©m trong giá» hÃ ng cá»§a báº¡n Ä‘Ã£ táº¡m háº¿t. Vui lÃ²ng cáº­p nháº­t giá» hÃ ng."
"key_minimum_charge","ÄÆ¡n hÃ ng tá»‘i thiá»ƒu"
"key_free_delivery_for_basket","Giao hÃ ng miá»…n phÃ­ cho giá» hÃ ng > %@"
"key_free_delivery_for_basket","Miá»…n phÃ­ giao hÃ ng cho Ä‘Æ¡n hÃ ng vá»›i giÃ¡ trá»‹ lá»›n hÆ¡n %>"
"key_frequently_ordered","ThÆ°á»ng Ä‘Æ°á»£c Ä‘áº·t hÃ ng"
"key_fresh_line","LÃ m má»›i dÃ²ng"
"key_5","Thá»© SÃ¡u"
"key_friday","Thá»© SÃ¡u"
"key_fridays","Thá»© SÃ¡u"
"key_summary_from","Tá»«"
"key_full_name","TÃªn Ä‘áº§y Ä‘á»§"
"key_gender","Giá»›i tÃ­nh"
"key_refer_text","Nháº­n Æ°u Ä‘Ã£i cho Ä‘Æ¡n hÃ ng Ä‘áº§u tiÃªn theo Ä‘Æ°á»ng dáº«n nÃ y ğŸ‘‰"
"key_store_direction","Xem chá»‰ dáº«n Ä‘Æ°á»ng Ä‘i"
"key_gift_wrap_products","Sáº£n pháº©m giáº¥y gÃ³i quÃ "
"key_gift_wrap_products","Sáº£n pháº©m gÃ³i quÃ "
"key_coupn_gift","QuÃ  táº·ng & MÃ£ giáº£m giÃ¡"
"key_give_us_feedback","Vui lÃ²ng chia sáº» vá»›i chÃºng tÃ´i cáº£m nháº­n cá»§a báº¡n!"
"key_go_to_settings","Tá»›i CÃ i Ä‘áº·t"
"key_got_it","ÄÃ£ hiá»ƒu!"
"key_VAT","VAT"
"key_vat_number","Sá»‘ VAT"
"key_hide","áº¨N"
"key_home","NhÃ  riÃªng"
"key_how_was_service","Báº¡n Ä‘Ã¡nh giÃ¡ dá»‹ch vá»¥ tháº¿ nÃ o?"
"key_how_was_your_order","ÄÆ¡n hÃ ng cá»§a báº¡n tháº¿ nÃ o?"
"key_how_was_your_order","ÄÆ¡n hÃ ng cá»§a báº¡n tháº¿ nÃ o?"
"key_legal_age","TÃ´i trÃªn 18 tuá»•i"
"key_under_age","TÃ´i nhá» hÆ¡n 18 tuá»•i"
"key_i_confirm","TÃ”I XÃC NHáº¬N"
"key_i_did_not_receive_code","TÃ´i khÃ´ng nháº­n Ä‘Æ°á»£c mÃ£ kÃ­ch hoáº¡t cá»§a mÃ¬nh"
"key_did_not_receive_code_button","TÃ´i khÃ´ng nháº­n Ä‘Æ°á»£c mÃ£!"
"key_termsandcontion_text","TÃ´i Ä‘Ã£ Ä‘á»c vÃ  Ä‘á»“ng Ã½ vá»›i cÃ¡c Äiá»u Khoáº£n vÃ  Äiá»u Kiá»‡n"
"key_language_portugues","Tiáº¿ng Viá»‡t/ NgÃ´n ngá»¯"
"key_standard_rates_apply_message","Náº¿u báº¡n Ä‘Äƒng nháº­p báº±ng Ä‘iá»‡n thoáº¡i, báº¡n sáº½ nháº­n Ä‘Æ°á»£c má»™t tin nháº¯n SMS Ä‘á»ƒ kÃ­ch hoáº¡t vá»›i má»©c phÃ­ tiÃªu chuáº©n."
"key_i_will_wait","TÃ´i sáº½ Ä‘á»£i"
"key_You_may_also_want","Nhá»¯ng máº·t hÃ ng mua theo cáº£m há»©ng"
"key_invalid_delivery_price","Chi phÃ­ giao hÃ ng khÃ´ng há»£p lá»‡"
"key_promo_error_title","MÃ£ giáº£m giÃ¡ khÃ´ng há»£p lá»‡"
"key_required","báº¯t buá»™c"
"key_is_this_the_correct_address","ÄÃ¢y cÃ³ pháº£i lÃ  Ä‘á»‹a chá»‰ chÃ­nh xÃ¡c? ChÃºng tÃ´i khÃ´ng thá»ƒ xÃ¡c Ä‘á»‹nh Ä‘á»‹a Ä‘iá»ƒm hiá»‡n táº¡i."
"key_is_this_correct_address","ÄÃ¢y cÃ³ pháº£i lÃ  Ä‘á»‹a chá»‰ chÃ­nh xÃ¡c? CÃ³ váº» báº¡n Ä‘ang á»Ÿ ráº¥t xa so vá»›i Ä‘á»‹a chá»‰ nÃ y."
"key_your_address","ÄÃ¢y cÃ³ pháº£i Ä‘á»‹a chá»‰ cá»§a báº¡n khÃ´ng?"
"key_seems_offline","CÃ³ váº» nhÆ° báº¡n Ä‘ang ngoáº¡i tuyáº¿n!"
"key_item","Máº·t hÃ ng"
"key_items","CÃ¡c máº·t hÃ ng"
"key_jod","JOD"
"key_just_browse","Chá»‰ xem"
"key_keep_browsing","Tiáº¿p tá»¥c xem
","Tiáº¿p tá»¥c tÃ¬m kiáº¿m"
"key_kindly_select_another_day_for_delivery","Vui lÃ²ng lÃªn lá»‹ch giao hÃ ng khÃ¡c"
"key_language","NgÃ´n ngá»¯"
"key_language_english","NgÃ´n ngá»¯/English"
"key_lbp","LBP"
"key_legal_age_title","Tuá»•i há»£p phÃ¡p lÃ  trÆ°á»ng thÃ´ng tin báº¯t buá»™c"
"key_loading","Äang táº£i"
"key_missing_location","Thiáº¿u Ä‘á»‹a chá»‰"
"key_location_permission_required","Quyá»n truy cáº­p vá»‹ trÃ­ lÃ  báº¯t buá»™c Ä‘á»ƒ sá»­ dá»¥ng á»©ng dá»¥ng nÃ y!"
"key_location_permission_not_granted","Quyá»n truy cáº­p vá»‹ trÃ­ chÆ°a Ä‘Æ°á»£c xÃ¡c nháº­n."
"key_location_problem","Váº¥n Ä‘á» Ä‘á»‹a chá»‰"
"key_location_services","Dá»‹ch vá»¥ Ä‘á»‹nh vá»‹"
"key_login","ÄÄƒng nháº­p"
"key_logout","ÄÄƒng xuáº¥t"
"key_gender_male","Nam"
"key_male","Nam"
"key_gender_placeholder","Nam/ Ná»¯"
"key_manage_payments","Quáº£n lÃ½ thanh toÃ¡n"
"key_merchants","Cá»­a hÃ ng"
"key_minimum_charge_for","GiÃ¡ trá»‹ Ä‘Æ¡n hÃ ng tá»‘i thiá»ƒu lÃ "
"key_minimum_charge_is","GiÃ¡ trá»‹ Ä‘Æ¡n hÃ ng tá»‘i thiá»ƒu lÃ "
"key_minimum_charge_not_reached_error","ChÆ°a Ä‘áº¡t tá»›i giÃ¡ trá»‹ Ä‘Æ¡n hÃ ng tá»‘i thiá»ƒu"
"key_minimum_order","ÄÆ¡n hÃ ng tá»‘i thiá»ƒu:"
"key_mm_yy","MM/YY"
"key_mobile","Äiá»‡n thoáº¡i"
"key_1","Thá»© Hai"
"key_monday","Thá»© Hai"
"key_mondays","Thá»© Hai"
"key_more_info","ThÃªm thÃ´ng tin"
"key_credit_card_on_delivery_MANO","Multicaixa POS"
"key_my_favorites","Sáº£n pháº©m yÃªu thÃ­ch"
"key_my_location","Äá»‹a Ä‘iá»ƒm hiá»‡n táº¡i cá»§a tÃ´i"
"key_my_orders","ÄÆ¡n hÃ ng cá»§a tÃ´i"
"key_my_payment_methods","CÃC PHÆ¯Æ NG THá»¨C THANH TOÃN Cá»¦A TÃ”I"
"key_my_profile","THÃ”NG TIN Cá»¦A TÃ”I"
"key_my_wallet","VÃ­"
"key_na","N/A"
"key_name","TÃªn"
"key_area_placeholder","Khu lÃ¢n cáº­n"
"key_nevermind","Bá» qua"
"key_nevermind_new","Bá» qua"
"key_new_address","Äá»‹a chá»‰ má»›i"
"key_new_card","Tháº» má»›i"
"key_next","TIáº¾P THEO"
"key_ngn","NGN"
"key_nickname","TÃªn gá»i khÃ¡c"
"key_option_no","KHÃ”NG"
"key_max_stock_reached","KhÃ´ng cÃ²n máº·t hÃ ng nÃ y trong kho."
"key_no_order_accepted_on","KhÃ´ng cÃ³ Ä‘Æ¡n hÃ ng Ä‘Æ°á»£c cháº¥p nháº­n trong"
"key_not_now","khÃ´ng pháº£i lÃºc nÃ y"
"key_ok","OK"
"key_on_the_way","Äang giao"
"key_add_online_payment","Thanh toÃ¡n trá»±c tuyáº¿n"
"key_min_items_error","Oops! Báº¡n khÃ´ng cÃ³ sáº£n pháº©m nÃ o trong giá» hÃ ng."
"key_opens","Má»Ÿ"
"key_opens_at","Má»Ÿ cá»­a lÃºc"
"key_order_again","Äáº·t láº¡i"
"key_canceled","ÄÆ¡n hÃ ng Ä‘Ã£ huá»·"
"key_order_canceled","ÄÆ¡n hÃ ng Ä‘Ã£ huá»·"
"key_order_history","Lá»‹ch sá»­ mua hÃ ng"
"key_previous_orders","Lá»‹ch sá»­ mua hÃ ng"
"key_order_summary","ThÃ´ng tin Ä‘Æ¡n hÃ ng"
"key_other_type_required","Cáº§n chá»n loáº¡i khÃ¡c"
"key_out_for_delivery","Äang giao hÃ ng"
"key_out_of_reach_button","NGOÃ€I KHU Vá»°C"
"key_out_of_reach_alert_title","NgoÃ i khu vá»±c!"
"key_out_of_stock","Táº¡m háº¿t hÃ ng"
"key_password","TÃ¬m kiáº¿m phá»• biáº¿n"
"key_payment_type_card_on_delivery_description","Thanh toÃ¡n báº±ng tháº» táº¡i Ä‘iá»ƒm giao hÃ ng"
"key_payment_type_cash_description"," Tráº£ tiá»n máº·t khi nháº­n hÃ ng"
"key_payment","THANH TOÃN"
"key_payment_decline","Thanh toÃ¡n bá»‹ tá»« chá»‘i: Tháº¥t báº¡i"
"key_payment_decline","Thanh toÃ¡n bá»‹ Tá»« chá»‘i: KhÃ´ng thÃ nh cÃ´ng"
"key_payment_methods","PhÆ°Æ¡ng thá»©c thanh toÃ¡n"
"key_pending","Chá» xá»­ lÃ½"
"key_pet_profile","ThÃ´ng tin váº­t nuÃ´i"
"key_pet_profile","ThÃ´ng tin thÃº cÆ°ng"
"key_phone_number","Sá»‘ Ä‘iá»‡n thoáº¡i"
"key_pick_drop","Chá»n & Tháº£"
"key_pick_location","Lá»±a chá»n Ä‘á»‹a chá»‰"
"key_pick_image","Lá»±a chá»n má»™t hÃ¬nh áº£nh"
"key_pick_country","Lá»°A CHá»ŒN QUÃ”C GIA"
"key_picked_up","ÄÃ£ nháº­n hÃ ng"
"key_locations_same_error","Äá»‹a chá»‰ nháº­n hÃ ng vÃ  giao hÃ ng Ä‘á»“ng nháº¥t"
"key_pickup_from","Nháº­n hÃ ng tá»«?"
"key_pickup_from_store","Nháº­n hÃ ng táº¡i cá»­a hÃ ng"
"key_pickup_instructions","HÆ°á»›ng dáº«n nháº­n hÃ ng"
"key_pickup_time","Thá»i gian nháº­n hÃ ng"
"key_pin_your_location","Ghim Ä‘á»‹a chá»‰ cá»§a báº¡n"
"key_place_order","Äáº¶T ÄÆ N"
"key_delivery_note_mandatory","Bá»• sung ghi chÃº giao hÃ ng?"
"key_please_add_your_comments","Vui lÃ²ng thÃªm nháº­n xÃ©t á»Ÿ Ä‘Ã¢y..."
"key_check_internet_message","Vui lÃ²ng kiá»ƒm tra káº¿t ná»‘i máº¡ng. Náº¿u váº«n xáº£y ra lá»—i, báº¡n luÃ´n cÃ³ thá»ƒ liÃªn há»‡ chÃºng tÃ´i qua hotline."
"key_Please_confirm_your_delivery_address","Vui lÃ²ng xÃ¡c nháº­n Ä‘á»‹a chá»‰ giao hÃ ng cá»§a báº¡n."
"key_please_enter_cvv","Vui lÃ²ng nháº­p CVV"
"key_please_enter_some_comments","Vui lÃ²ng thÃªm nháº­n xÃ©t!"
"key_please_enter_your_details","Vui lÃ²ng nháº­p thÃ´ng tin chi tiáº¿t cá»§a báº¡n."
"key_send_your_comments_suggestions","Vui lÃ²ng gá»­i láº¡i nháº­n xÃ©t vÃ  lá»i nháº¯n tá»›i chÃºng tÃ´i
camera_usage_description","Vui lÃ²ng phÃ¢n quyá»n truy cáº­p cho camera Ä‘á»ƒ táº£i áº£nh tá»›i eddress"
"key_please_install_google_map","Vui lÃ²ng cÃ i Ä‘áº·t Google Map"
"key_suggest_products_message","Vui lÃ²ng liá»‡t kÃª táº¥t cáº£ nhá»¯ng sáº£n pháº©m báº¡n mong muá»‘n Ä‘á» xuáº¥t"
"key_additionInfo_text","Vui lÃ²ng cung cáº¥p thÃªm thÃ´ng tin Ä‘á»ƒ giÃºp chÃºng tÃ´i cÃ³ thá»ƒ phá»¥c vá»¥ báº¡n tá»‘t hÆ¡n.  VÃ­ dá»¥: ThÃ´ng tin dá»‹ á»©ng, hÆ°á»›ng dáº«n Ä‘i vÃ o tÃ²a nhÃ , vÃ¢n vÃ¢n..."
"key_please_rate_the_service","Vui lÃ²ng Ä‘Ã¡nh giÃ¡ dá»‹ch vá»¥"
"key_request_activation_code","Vui lÃ²ng yÃªu cáº§u mÃ£ kÃ­ch hoáº¡t."
"key_missing_dropoff_error","Vui lÃ²ng lá»±a chá»n má»™t Ä‘á»‹a chá»‰ giao hÃ ng"
"key_missing_time_error","Vui lÃ²ng lá»±a chá»n thá»i gian mong muá»‘n"
"key_missing_payment_method_error","Vui lÃ²ng lá»±a chá»n má»™t phÆ°Æ¡ng thá»©c thanh toÃ¡n"
"key_missing_pickup_error","Vui lÃ²ng lá»±a chá»n má»™t Ä‘á»‹a chá»‰ nháº­n hÃ ng"
"key_maximum_selection_msg","Vui lÃ²ng chá»n tá»‘i Ä‘a %d sáº£n pháº©m trong %@"
"key_maximum_selection_with_quantity_msg","Vui lÃ²ng chá»n tá»‘i Ä‘a %d sáº£n pháº©m trong %@, %@"
"key_minimum_selection_msg","Vui lÃ²ng chá»n tá»‘i thiá»ƒu %d sáº£n pháº©m trong %@"
"key_minimum_selection_with_quantity_msg","Vui lÃ²ng chá»n tá»‘i thiá»ƒu %d sáº£n pháº©m trong %@, %@"
"key_minimum_selection_with_quantity_msg","Vui lÃ²ng lá»±a chá»n Ã­t nháº¥t %d sáº£n pháº©m trong %@, %@"
"key_please_select_time_for_selected_date","Vui lÃ²ng chá»n thá»i gian cá»¥ thá»ƒ"
"key_please_select_countrycode","Vui lÃ²ng chá»n mÃ£ quá»‘c gia"
"key_please_sign_in","Vui lÃ²ng Ä‘Äƒng nháº­p"
"key_try_again_later","HÃ£y thá»­ láº¡i sau!"
"key_pin_location_manually_error","Vui lÃ²ng thá»­ láº¡i hoáº·c xÃ¡c Ä‘á»‹nh ghim Ä‘á»‹a chá»‰ cá»§a báº¡n theo báº£n Ä‘á»“"
"key_turn_on_gps","Vui lÃ²ng báº­t GPS Ä‘á»ƒ xÃ¡c Ä‘á»‹nh Ä‘á»‹a chá»‰ cá»§a báº¡n"
"key_confirm_pin_message","Vui lÃ²ng xÃ¡c nháº­n Ä‘á»‹a chá»‰ cá»§a báº¡n chÃ­nh xÃ¡c khi ghim Ä‘á»‹a chá»‰ vÃ¬ Ä‘iá»u Ä‘Ã³ cÃ³ thá»ƒ áº£nh hÆ°á»Ÿng hiá»‡u suáº¥t giao hÃ ng."
"key_please_give_us_some_feedback","Vui lÃ²ng Ä‘Ã¡nh giÃ¡ dá»‹ch vá»¥!"
"key_popular_searches","TÃ¬m kiáº¿m phá»• biáº¿n"
"key_payment_type_card_on_delivery","POS"
"key_credit_card_on_delivery","MÃ¡y POS"
"key_credit_card_on_delivery_AFC","Thu tiá»n vá»›i mÃ¡y POS khi giao hÃ ng"
"key_postal_code","MÃ£ bÆ°u Ä‘iá»‡n"
"key_postal_code_placeholder","MÃ£ bÆ°u Ä‘iá»‡n"
"key_postal_code_required","MÃ£ bÆ°u Ä‘iá»‡n lÃ  trÆ°á»ng thÃ´ng tin báº¯t buá»™c"
"key_pre_order_for","Äáº·t trÆ°á»›c cho"
"key_preorder_now","Äáº·t trÆ°á»›c Ngay"
"key_previously_ordered","ÄÃ£ tá»«ng Ä‘áº·t hÃ ng"
"key_pricing_detail","Chi tiáº¿t GiÃ¡"
"key_pricing_problem","Váº¥n Ä‘á» vá» giÃ¡"
"key_privacy_terms","Quyá»n riÃªng tÆ° & Äiá»u khoáº£n"
"key_proceed","TIáº¾P Tá»¤C"
"key_processing","Äang xá»­ lÃ½"
"key_products","Sáº£n pháº©m"
"key_profile","THÃ”NG TIN"
"key_promo_code","MÃ£ khuyáº¿n mÃ£i"
"key_promo_code_redeemed","MÃ£ giáº£m giÃ¡ Ä‘Æ°á»£c Ã¡p dá»¥ng!"
"key_promo_codes","MÃ£ giáº£m giÃ¡"
"key_more_info_placeholder","Bá»• sung thÃªm thÃ´ng tin"
"key_qar","QAR"
"key_rate_the_last_products","ÄÃ¡nh giÃ¡ sáº£n pháº©m"
"key_rate_the_last_products","ÄÃ¡nh giÃ¡ sáº£n pháº©m"
"key_rating","ÄÃ¡nh giÃ¡"
"key_rating_disable","Má»¥c Ä‘Ã¡nh giÃ¡ Ä‘Ã£ bá»‹ khÃ³a"
"key_read_less","Thu gá»n"
"key_read_more","Xem thÃªm"
"key_ready","Sáºµn sÃ ng"
"key_ready_state","Sáº´N SÃ€NG"
"key_reason","LÃ½ do"
"key_double_opt_In","Nháº­n cáº­p nháº­t quan trá»ng & thÃ´ng bÃ¡o qua email!"
"key_my_orders","ÄÆ¡n hÃ ng gáº§n Ä‘Ã¢y"
"key_recent_order","ÄÆ¡n hÃ ng gáº§n Ä‘Ã¢y"
"key_recommended_products","Sáº£n pháº©m Ä‘á» xuáº¥t"
"key_redeem_promo","Sá»¬ Dá»¤NG MÃƒ GIáº¢M GIÃ"
"key_Refer","Giá»›i thiá»‡u báº¡n bÃ¨"
"key_Refer_a_friend","Giá»›i thiá»‡u báº¡n bÃ¨"
"key_Refer_a_friend_to_earn_money","Giá»›i thiá»‡u báº¡n bÃ¨ vÃ  kiáº¿m tiá»n"
"key_referral_link_generation","ÄÆ°á»ng link giá»›i thiá»‡u báº¡n bÃ¨ chÆ°a Ä‘Æ°á»£c táº¡o."
"key_related_products","CÃ¡c sáº£n pháº©m liÃªn quan"
"key_relocating_your_address","Äá»•i Ä‘á»‹a chá»‰"
"key_remove_item_from_basket","Bá» má»™t sáº£n pháº©m khá»i Giá» hÃ ng?"
"key_remove_promo_code","XoÃ¡ mÃ£ giáº£m giÃ¡"
"key_reorder","Äáº·t hÃ ng láº¡i"
"key_request_by_email","YÃªu cáº§u qua Email"
"key_required_fields","CÃ¡c trÆ°á»ng thÃ´ng tin báº¯t buá»™c"
"key_reservations_are_full_for","ÄÆ¡n hÃ ng Ä‘áº·t trÆ°á»›c Ä‘Ã£ quÃ¡ táº£i trong %s"
"key_reset","Táº£i láº¡i"
"key_restart_required","YÃªu cáº§u khá»Ÿi Ä‘á»™ng láº¡i"
"key_round_trip","Giao hai chiá»u?"
"key_From_same_brand","CÃ¹ng nhÃ£n hiá»‡u"
"key_From_same_brand","CÃ¹ng nhÃ£n hiá»‡u"
"key_From_same_category","CÃ¹ng chá»§ng loáº¡i"
"key_From_same_category","CÃ¹ng ngÃ nh hÃ ng"
"key_sar","SAR"
"key_6","Thá»© báº£y"
"key_saturday","Thá»© Báº£y"
"key_saturdays","Thá»© Báº£y"
"key_save","LÆ°u láº¡i"
"key_save_address","LÆ¯U Äá»ŠA CHá»ˆ"
"key_payment_type_add_card","LÆ°u tháº» tÃ­n dá»¥ng hoáº·c tháº» ngÃ¢n hÃ ng cá»§a báº¡n."
"key_search_products_brands","TÃ¬m kiáº¿m..."
"key_search_products","TÃ¬m sáº£n pháº©m..."
"key_search_for_restruents","TÃ¬m nhÃ  hÃ ng"
"key_search_shops_products","TÃ¬m cá»­a hÃ ng vÃ  sáº£n pháº©m..."
"key_search_in","TÃ¬m kiáº¿m trong %@"
"key_address_search_tip","TÃ¬m kiáº¿m vá»›i Google hoáº·c di chuyá»ƒn báº£n Ä‘á»“ tá»›i vá»‹ trÃ­ báº¡n muá»‘n"
"key_search_or_move_map","TÃ¬m kiáº¿m hoáº·c di chuyá»ƒn báº£n Ä‘á»“"
"key_see_all","Xem Táº¥t cáº£"
"key_select_payment_method","Lá»±a chá»n phÆ°Æ¡ng thá»©c thanh toÃ¡n"
"key_Please_select_a_delivery_address","Lá»±a chá»n má»™t Ä‘á»‹a chá»‰"
"key_select_an_address","Lá»±a chá»n má»™t Ä‘á»‹a chá»‰"
"key_select_address_type","Lá»°A CHá»ŒN LOáº I Äá»ŠA CHá»ˆ"
"key_select_dropoff_location","Lá»±a chá»n Ä‘á»‹a chá»‰ giao hÃ ng"
"key_select_language","Lá»±a chá»n NgÃ´n ngá»¯"
"key_select_pickup_location","Lá»±a chá»n Ä‘á»‹a chá»‰ nháº­n hÃ ng"
"key_select_gender","Lá»±a chá»n giá»›i tÃ­nh cá»§a báº¡n"
"key_select_Your_gift_wrap","Chá»n giáº¥y gÃ³i quÃ "
"key_select_payment","Lá»±a chá»n..."
"key_send_feedback","Gá»­i pháº£n há»“i
send_comments","Gá»­i pháº£n há»“i"
"key_send_us_feedback","Vui lÃ²ng chia sáº» vá»›i chÃºng tÃ´i cáº£m nháº­n cá»§a báº¡n!"
"key_You_must_select_an_address_before_proceeding","Dá»‹ch vá»¥ vÃ  sáº£n pháº©m cÃ³ thá»ƒ thay Ä‘á»•i vá»›i Ä‘á»‹a chá»‰ nÃ y, báº¡n cÃ³ muá»‘n tiáº¿p tá»¥c?"
"key_more_settings","CÃ i Ä‘áº·t"
"key_settings","CÃ€I Äáº¶T"
"key_sgd","SGD"
"key_share","Chia sáº»"
"key_share_app","CHIA Sáºº á»¨NG Dá»¤NG"
"key_sign_in_button_title","ÄÄ‚NG NHáº¬P"
"key_get_started","ÄÄƒng kÃ½ ngay"
"key_signin_with","ÄÄƒng kÃ½ vá»›i"
"key_skip","Bá» qua"
"key_sms_verification","XÃ¡c nháº­n qua tin nháº¯n"
"key_items_price_may_vary","GiÃ¡ cÃ¡c máº·t hÃ ng cÃ³ thá»ƒ thay Ä‘á»•i sau khi Ä‘Æ°á»£c cÃ¢n"
"key_header_available_areas","Ráº¥t tiáº¿c! ChÃºng tÃ´i chÆ°a giao hÃ ng tá»›i khu vá»±c nÃ y."
"key_out_of_reach_message","Ráº¥t tiáº¿c! ChÃºng tÃ´i chÆ°a giao hÃ ng tá»›i khu vá»±c nÃ y."
"key_start_new_cart","Báº¯t Ä‘áº§u má»™t giá» hÃ ng má»›i?"
"key_store_address","Äá»‹a chá»‰ cá»­a hÃ ng"
"key_store_timing","Thá»i gian má»Ÿ cá»­a"
"key_street","TÃªn Ä‘Æ°á»ng/phá»‘"
"key_street_is_required","Cáº§n Ä‘iá»n thÃ´ng tin ÄÆ°á»ng/Phá»‘"
"key_street_placholder","ÄÆ°á»ng sá»‘"
"key_submit","Gá»­i"
"key_submit_feedback","Gá»­i Ä‘Ã¡nh giÃ¡"
"key_subtotal","Tá»•ng thanh toÃ¡n"
"key_suggest_products","Gá»£i Ã½ Sáº£n pháº©m"
"key_7","Chá»§ nháº­t"
"key_sunday","Chá»§ Nháº­t"
"key_sundays","Chá»§ Nháº­t"
"key_surcharge","Phá»¥ phÃ­"
"key_surchage_description","Phá»¥ phÃ­ cho Ä‘Æ¡n hÃ ng dÆ°á»›i"
"key_tap_to_add_location","Nháº¥n Ä‘á»ƒ thÃªm Ä‘á»‹a chá»‰ má»›i"
"key_tip_select_location","Nháº¥n chá»n Ä‘á»‹a chá»‰ giao hÃ ng"
"key_terms_condition_heighlighted_text","Äiá»u khoáº£n vÃ  Äiá»u kiá»‡n"
"key_thanks_for_feedback","Cáº£m Æ¡n Ã½ kiáº¿n Ä‘Ã³ng gÃ³p cá»§a báº¡n!"
"key_delay_explanation","Sá»± cháº­m trá»… thÆ°á»ng lÃ  do nhÃ  cung cáº¥p dá»‹ch vá»¥ di Ä‘á»™ng cá»§a báº¡n. Vui lÃ²ng gá»­i email cho chÃºng tÃ´i Ä‘á»ƒ chÃºng tÃ´i cÃ³ thá»ƒ giáº£i quyáº¿t váº¥n Ä‘á» vÃ  giÃºp báº¡n báº¯t Ä‘áº§u."
"key_item_customization_updated","Máº·t hÃ ng sau khÃ´ng cÃ³ sáºµn hoáº·c Ä‘Æ°á»£c sá»­a Ä‘á»•i trong cá»­a hÃ ng, chÃºng tÃ´i Ä‘Ã£ Ä‘iá»u chá»‰nh giá» hÃ ng cá»§a báº¡n cho phÃ¹ há»£p."
"key_the_following_items","CÃ¡c máº·t hÃ ng sau Ä‘Ã¢y Ä‘Ã£ háº¿t hÃ ng! ChÃºng tÃ´i Ä‘Ã£ Ä‘iá»u chá»‰nh giá» hÃ ng cá»§a báº¡n cho phÃ¹ há»£p. Ã°Å¸ â„¢ Ë†"
"key_store_currently_closed"," Cá»­a hÃ ng Ä‘ang táº¡m thá»i Ä‘Ã³ng cá»­a"
"key_service_is_not_available","Dá»‹ch vá»¥ chÆ°a cÃ³ á»Ÿ khu vá»±c cá»§a báº¡n"
"key_4","Thá»© NÄƒm"
"key_thursday","Thá»© NÄƒm"
"key_thursdays","Thá»© NÄƒm"
"key_tip_for_driver","Tip cho nhÃ¢n viÃªn giao hÃ ng"
"key_tip_the_driver_section_header","Tip cho nhÃ¢n viÃªn giao hÃ ng?"
"key_today","HÃ´m nay"
"key_tomorrow","ngÃ y mai"
"key_total","Tá»”NG Cá»˜NG"
"key_2","Thá»© Ba"
"key_2","Thá»© ba"
"key_tuesday","Thá»© Ba"
"key_tuesdays","Thá»© Ba"
"key_type_name_for_address","ThÃªm tÃªn cho Ä‘á»‹a chá»‰ nÃ y"
"key_update_pin","Cáº­p nháº­t mÃ£ Pin"
"key_usd","USD"
"key_payment_type_credit_description","Sá»­ dá»¥ng tháº» thanh toÃ¡n online"
"key_validation_error","Lá»—i xÃ¡c thá»±c"
"key_vat_number","Thuáº¿ giÃ¡ trá»‹ gia tÄƒng #"
"key_verify_pin","xÃ¡c minh Ä‘á»‹a chá»‰ Ä‘Æ°á»£c ghim"
"key_version","PhiÃªn báº£n"
"key_view_all","Xem táº¥t cáº£"
"key_view_Basket","Xem Giá» hÃ ng"
"key_view_details","Xem Chi tiáº¿t"
"key_view_order","Xem Ä‘Æ¡n hÃ ng"
"key_view_pricing","XEM GIÃ"
"key_viewed","ÄÃ£ xem"
"key_building_placholder","NhÃ  sá»‘"
"key_wallet","VÃ­"
"key_wallet_funded_msg","VÃ­ Ä‘Æ°á»£c náº¡p tá»« %@ hoáº·c tá»« cÃ¡c Æ°u Ä‘Ã£i khi giá»›i thiá»‡u báº¡n bÃ¨ vÃ  cÃ³ thá»ƒ sá»­ dá»¥ng Ä‘á»ƒ thanh toÃ¡n"
"key_service_closed_msg","ChÃºng tÃ´i ráº¥t tiáº¿c: Dá»‹ch vá»¥ cá»§a chÃºng tÃ´i táº¡m thá»i Ä‘Ã³ng cá»­a trong thá»i gian nÃ y."
"key_We_could_not_find_an_address_close_to_your_location","ChÃºng tÃ´i khÃ´ng tÃ¬m tháº¥y Ä‘á»‹a chá»‰ gáº§n vá»›i Ä‘á»‹a Ä‘iá»ƒm cá»§a báº¡n. Vui lÃ²ng lá»±a chá»n má»™t Ä‘á»‹a chá»‰ giao hÃ ng."
"key_We_have_updated_your_current_address","ChÃºng tÃ´i Ä‘Ã£ cáº­p nháº­t Ä‘á»‹a chá»‰ hiá»‡n táº¡i theo vá»‹ trÃ­ cá»§a báº¡n."
"key_need_saudi_number_in_order_to_deliver_AFC","ChÃºng tÃ´i cáº§n má»™t sá»‘ Saudi Ä‘á»ƒ giao hÃ ng"
"key_we_appreciate_your_feedback","ChÃºng tÃ´i thá»±c sá»± trÃ¢n trá»ng nhá»¯ng Ä‘Ã¡nh giÃ¡ cá»§a báº¡n!"
"key_We_use_your_location","ChÃºng tÃ´i sá»­ dá»¥ng vá»‹ trÃ­ cá»§a báº¡n Ä‘á»ƒ tÃ¬m kiáº¿m cá»­a hÃ ng gáº§n Ä‘Ã³"
"key_3","Thá»© TÆ°"
"key_wednesday","Thá»© TÆ°"
"key_wednesdays","Thá»© TÆ°"
"key_no_search_result","Xin lá»—i! ChÃºng tÃ´i khÃ´ng tÃ¬m tháº¥y káº¿t quáº£ nÃ o cho tÃ¬m kiáº¿m cá»§a báº¡n vá»"
"key_an_activation_code","ChÃºng tÃ´i Ä‘Ã£ gá»­i cho báº¡n má»™t tin nháº¯n qua"
"key_what_time","Lá»±a chá»n thá»i gian?"
"key_search_where_from","Giao hÃ ng tá»«?"
"key_search_where_to","Giao hÃ ng tá»›i?"
"key_where_to","Giao hÃ ng tá»›i?"
"key_within","TRONG VÃ’NG"
"key_work","CÆ¡ quan"
"key_free_delivery_for_order","Yay! Miá»…n phÃ­ giao hÃ ng cho Ä‘Æ¡n hÃ ng Ã°Å¸â€˜Â"
"key_option_yes","CÃ“"
"key_confirm_clear_cart","ÄÃºng, xoÃ¡ giá» hÃ ng"
"key_delete_card_confirm","ÄÃºng, XoÃ¡ tháº»!"
"key_signin_just_browse_text","Báº¡n Ä‘ang á»Ÿ cháº¿ Ä‘á»™ \n xem nhanh. Báº¡n cáº§n \nÄ‘Äƒng nháº­p Ä‘á»ƒ báº¯t Ä‘áº§u mua sáº¯m!"
"key_email_not_configured_error","Báº¡n khÃ´ng thá»ƒ gá»­i email, vui lÃ²ng Ä‘áº£m báº£o báº¡n Ä‘Ã£ cÃ i Ä‘áº·t email trÃªn Ä‘iá»‡n thoáº¡i cá»§a mÃ¬nh"
"key_no_iems_in_basket","Báº¡n Ä‘ang khÃ´ng cÃ³ máº·t hÃ ng nÃ o trong giá»!"
"key_different_store","Báº¡n chÆ°a chá»n Ä‘á»‹a chá»‰ hoáº·c Ä‘á»‹a chá»‰ báº¡n chá»n khÃ´ng náº±m trong khu vá»±c phá»¥c vá»¥ cá»§a Cá»­a HÃ ng %@"
"key_clear_cart_message","Báº¡n sáº½ khÃ´ng Ä‘áº·t hÃ ng tá»« cá»­a hÃ ng khÃ¡c. XoÃ¡ giá» hÃ ng vÃ  tiáº¿p tá»¥c?"
"key_add_card_transaction_note","Báº¡n cÃ³ thá»ƒ nháº­n Ä‘Æ°á»£c thÃ´ng bÃ¡o xÃ¡c thá»±c vá»›i value 0,01 tá»« ngÃ¢n hÃ ng cá»§a mÃ¬nh."
"key_mustaccepttermsconditon_text","Báº¡n cáº§n chá»n Ä‘á»“ng Ã½ vá»›i cÃ¡c Äiá»u Khoáº£n vÃ  Äiá»u Kiá»‡n Ä‘á»ƒ tiáº¿p tá»¥c."
"key_legal_age_message","Báº¡n pháº£i Ä‘á»§ tuá»•i há»£p phÃ¡p Ä‘á»ƒ mua sáº£n pháº©m nÃ y."
"key_select_address_to_proceed","Báº¡n pháº£i lá»±a chá»n má»™t Ä‘á»‹a chá»‰ trÆ°á»›c khi tiáº¿p tá»¥c. Dá»‹ch vá»¥ cÃ³ thá»ƒ thay Ä‘á»•i tuá»³ thuá»™c vÃ o khu vá»±c cá»§a báº¡n."
"key_sign_in_message","Báº¡n cáº§n Ä‘Äƒng nháº­p Ä‘á»ƒ tiáº¿p tá»¥c."
"key_minimum_charge_description","ÄÆ¡n hÃ ng cáº§n vÆ°á»£t quÃ¡ giÃ¡ trá»‹ tá»‘i thiá»ƒu Ä‘á»ƒ tiáº¿p tá»¥c
location_usage_description","Báº¡n luÃ´n cÃ³ thá»ƒ nhÃ¬n tháº¥y cÃ¡c dá»‹ch vá»¥ vÃ  cá»­a hÃ ng lÃ¢n cáº­n. ChÃºng tÃ´i khÃ´ng lÆ°u láº¡i vá»‹ trÃ­ hiá»‡n táº¡i cá»§a báº¡n."
"key_delete_account_confirmation_msg","TÃ i khoáº£n cá»§a báº¡n Ä‘Ã£ Ä‘Æ°á»£c xÃ³a thÃ nh cÃ´ng"
"key_delete_account_confirmation_msg","TÃ i khoáº£n cá»§a báº¡n Ä‘Ã£ Ä‘Æ°á»£c xÃ³a thÃ nh cÃ´ng."
"key_my_basket","Giá» hÃ ng cá»§a báº¡n"
"key_your_discount_of_will_be_applied","Giáº£m giÃ¡ cá»§a báº¡n sáº½ Ä‘Æ°á»£c Ã¡p dá»¥ng khi thanh toÃ¡n."
"key_email_not_sent","Email cá»§a báº¡n chÆ°a gá»­i thÃ nh cÃ´ng"
"key_favorites_placeholder","CÃ¡c sáº£n pháº©m báº¡n yÃªu thÃ­ch Ä‘Æ°á»£c lÆ°u láº¡i táº¡i Ä‘Ã¢y"
"key_email_placholder","@email.com cá»§a báº¡n"
"key_just_browse_text","Báº¡n Ä‘ang á»Ÿ cháº¿ Ä‘á»™ xem nhanh!"
"key_you_have_been_referred","Báº¡n Ä‘Ã£ Ä‘Æ°á»£c má»™t ngÆ°á»i báº¡n giá»›i thiá»‡u! ChÃºng tÃ´i hy vá»ng sáº½ Ä‘Ã¡p á»©ng Ä‘Æ°á»£c ká»³ vá»ng cá»§a báº¡n Ã°Å¸ËœÅ "
"key_some_unsaved_changes","Báº¡n cÃ³ má»™t sá»‘ thay Ä‘á»•i chÆ°a Ä‘Æ°á»£c lÆ°u!"
"key_max_items_reached","Báº¡n Ä‘Ã£ Ä‘áº¡t Ä‘áº¿n sá»‘ lÆ°á»£ng tá»‘i Ä‘a cho phÃ©p Ä‘á»‘i vá»›i máº·t hÃ ng nÃ y."
"key_zone","Khu vá»±c"
"key_zone_is_required","Cáº§n Ä‘iá»n thÃ´ng tin khu vá»±c"
"key_zone_placholder","TÃªn khu vá»±c/Sá»‘"